﻿{
  "Name": "adventure",
  "TextureAtlases": [ "adventure-gui-atlas" ],
  "Fonts": [ "small-font" ],
  "Cursor": {
    "TextureRegion": "cursorSword_silver",
    "Color": "#aaaaaa"
  },
  "NinePatches": [
    {
      "TextureRegion": "buttonLong_grey",
      "Padding": 10
    },
    {
      "TextureRegion": "buttonLong_grey_pressed",
      "Padding": 10
    },
    {
      "TextureRegion": "panel_brown",
      "Padding": "10"
    },
    {
      "TextureRegion": "panelInset_beige",
      "Padding": "10"
    },
    {
      "TextureRegion": "grey_textBox",
      "Padding": "10"
    },
    {
      "TextureRegion": "progress-bar-container",
      "Padding": "10"
    },
    {
      "TextureRegion": "progress-bar-blue",
      "Padding": "10"
    }
  ],
  "Styles": [
    {
      "Name": "close-button",
      "Type": "Button",
      "BackgroundRegion": "buttonRound_close",
      "HoverStyle": {
        "Type": "Button",
        "Color": "LightGray"
      }
    },
    {
      "Name": "white-button",
      "Type": "Button",
      "Margin": "5 2",
      "BackgroundRegion": "buttonLong_grey",
      "TextOffset": "0 -2",
      "TextColor": "#f4a460ff",
      "Color": "#8b4513ff",
      "PressedStyle": {
        "Type": "Button",
        "BackgroundRegion": "buttonLong_grey_pressed",
        "Offset": "0 2",
        "TextOffset": "0 2"
      },
      "HoverStyle": {
        "Type": "Button",
        "Color": "#9E4C16ff",
        "TextColor": "#ffffffff"
      }
    },
    {
      "Name": "checkbox",
      "Type": "CheckBox",
      "BackgroundRegion": "checkBox_beige_unchecked",
      "CheckedStyle": {
        "Type": "CheckBox",
        "BackgroundRegion": "checkBox_beige_checked"
      }
    },
    {
      "Name": "brown-panel",
      "Type": "StackPanel",
      "BackgroundRegion": "panel_brown",
      "Size": "400 300"
    },
    {
      "Name": "beige-inset-panel",
      "Type": "StackPanel",
      "BackgroundRegion": "panelInset_beige",
      "Size": "385 280"
    },
    {
      "Name": "label",
      "Type": "Label",
      "TextColor": "#444444"
    },
    {
      "Name": "monogame-title",
      "Type": "Image",
      "BackgroundRegion": "monogame-title"
    },
    {
      "Name": "text-box",
      "Type": "TextBox",
      "ClipPadding": "8 0",
      "BackgroundRegion": "grey_textBox",
      "TextColor": "#444444"
    },
    {
      "Name": "progress-bar",
      "Type": "ProgressBar",
      "BackgroundRegion": "progress-bar-container",
      "BarRegion": "progress-bar-blue",
      "Size": "100 32"
    },
    {
      "Name": "list-box",
      "Type": "ListBox",
      "Size": "200 150",
      "ClipPadding": "7 5",
      "BackgroundRegion": "grey_textBox",
      "TextColor": "#444444"
    },
    {
      "Name": "dialog",
      "Type": "Dialog",
      "Padding": "10",
      "BackgroundRegion": "panel_brown",
      "TextColor": "#444444"
    }
  ]
}
