{"frames": [

{
	"filename": "monogame-title.png",
	"frame": {"x":2,"y":2,"w":504,"h":120},
	"rotated": false,
	"trimmed": false,
	"spriteSourceSize": {"x":0,"y":0,"w":504,"h":120},
	"sourceSize": {"w":504,"h":120},
	"pivot": {"x":0.5,"y":0.5}
},
{
	"filename": "panel_brown.png",
	"frame": {"x":2,"y":124,"w":100,"h":100},
	"rotated": false,
	"trimmed": false,
	"spriteSourceSize": {"x":0,"y":0,"w":100,"h":100},
	"sourceSize": {"w":100,"h":100},
	"pivot": {"x":0.5,"y":0.5}
},
{
	"filename": "panelInset_beige.png",
	"frame": {"x":104,"y":124,"w":93,"h":94},
	"rotated": false,
	"trimmed": false,
	"spriteSourceSize": {"x":0,"y":0,"w":93,"h":94},
	"sourceSize": {"w":93,"h":94},
	"pivot": {"x":0.5,"y":0.5}
},
{
	"filename": "buttonLong_grey.png",
	"frame": {"x":194,"y":226,"w":190,"h":49},
	"rotated": false,
	"trimmed": false,
	"spriteSourceSize": {"x":0,"y":0,"w":190,"h":49},
	"sourceSize": {"w":190,"h":49},
	"pivot": {"x":0.5,"y":0.5}
},
{
	"filename": "buttonLong_grey_pressed.png",
	"frame": {"x":2,"y":226,"w":190,"h":49},
	"rotated": false,
	"trimmed": false,
	"spriteSourceSize": {"x":0,"y":0,"w":190,"h":49},
	"sourceSize": {"w":190,"h":49},
	"pivot": {"x":0.5,"y":0.5}
},
{
	"filename": "grey_textBox.png",
	"frame": {"x":246,"y":124,"w":191,"h":49},
	"rotated": false,
	"trimmed": false,
	"spriteSourceSize": {"x":0,"y":0,"w":191,"h":49},
	"sourceSize": {"w":191,"h":49},
	"pivot": {"x":0.5,"y":0.5}
},
{
	"filename": "buttonSquare_blue.png",
	"frame": {"x":439,"y":124,"w":45,"h":49},
	"rotated": false,
	"trimmed": false,
	"spriteSourceSize": {"x":0,"y":0,"w":45,"h":49},
	"sourceSize": {"w":45,"h":49},
	"pivot": {"x":0.5,"y":0.5}
},
{
	"filename": "buttonSquare_blue_pressed.png",
	"frame": {"x":199,"y":124,"w":45,"h":49},
	"rotated": false,
	"trimmed": false,
	"spriteSourceSize": {"x":0,"y":0,"w":45,"h":49},
	"sourceSize": {"w":45,"h":49},
	"pivot": {"x":0.5,"y":0.5}
},
{
	"filename": "buttonRound_close.png",
	"frame": {"x":460,"y":226,"w":35,"h":38},
	"rotated": false,
	"trimmed": false,
	"spriteSourceSize": {"x":0,"y":0,"w":35,"h":38},
	"sourceSize": {"w":35,"h":38},
	"pivot": {"x":0.5,"y":0.5}
},
{
	"filename": "buttonRound_beige.png",
	"frame": {"x":423,"y":226,"w":35,"h":38},
	"rotated": false,
	"trimmed": false,
	"spriteSourceSize": {"x":0,"y":0,"w":35,"h":38},
	"sourceSize": {"w":35,"h":38},
	"pivot": {"x":0.5,"y":0.5}
},
{
	"filename": "buttonRound_beige_checked.png",
	"frame": {"x":386,"y":226,"w":35,"h":38},
	"rotated": false,
	"trimmed": false,
	"spriteSourceSize": {"x":0,"y":0,"w":35,"h":38},
	"sourceSize": {"w":35,"h":38},
	"pivot": {"x":0.5,"y":0.5}
},
{
	"filename": "cursorSword_silver.png",
	"frame": {"x":2,"y":277,"w":34,"h":37},
	"rotated": false,
	"trimmed": false,
	"spriteSourceSize": {"x":0,"y":0,"w":34,"h":37},
	"sourceSize": {"w":34,"h":37},
	"pivot": {"x":0.5,"y":0.5}
},
{
	"filename": "checkBox_beige_checked.png",
	"frame": {"x":75,"y":277,"w":35,"h":35},
	"rotated": false,
	"trimmed": false,
	"spriteSourceSize": {"x":0,"y":0,"w":35,"h":35},
	"sourceSize": {"w":35,"h":35},
	"pivot": {"x":0.5,"y":0.5}
},
{
	"filename": "checkBox_beige_unchecked.png",
	"frame": {"x":38,"y":277,"w":35,"h":35},
	"rotated": false,
	"trimmed": false,
	"spriteSourceSize": {"x":0,"y":0,"w":35,"h":35},
	"sourceSize": {"w":35,"h":35},
	"pivot": {"x":0.5,"y":0.5}
},
{
	"filename": "progress-bar-blue.png",
	"frame": {"x":188,"y":277,"w":36,"h":18},
	"rotated": false,
	"trimmed": false,
	"spriteSourceSize": {"x":0,"y":0,"w":36,"h":18},
	"sourceSize": {"w":36,"h":18},
	"pivot": {"x":0.5,"y":0.5}
},
{
	"filename": "progress-bar-green.png",
	"frame": {"x":112,"y":277,"w":36,"h":18},
	"rotated": false,
	"trimmed": false,
	"spriteSourceSize": {"x":0,"y":0,"w":36,"h":18},
	"sourceSize": {"w":36,"h":18},
	"pivot": {"x":0.5,"y":0.5}
},
{
	"filename": "progress-bar-red.png",
	"frame": {"x":226,"y":277,"w":36,"h":18},
	"rotated": false,
	"trimmed": false,
	"spriteSourceSize": {"x":0,"y":0,"w":36,"h":18},
	"sourceSize": {"w":36,"h":18},
	"pivot": {"x":0.5,"y":0.5}
},
{
	"filename": "progress-bar-container.png",
	"frame": {"x":150,"y":277,"w":36,"h":18},
	"rotated": false,
	"trimmed": false,
	"spriteSourceSize": {"x":0,"y":0,"w":36,"h":18},
	"sourceSize": {"w":36,"h":18},
	"pivot": {"x":0.5,"y":0.5}
}],
"meta": {
	"app": "http://www.codeandweb.com/texturepacker",
	"version": "1.0",
	"image": "adventure-gui.png",
	"format": "RGBA8888",
	"size": {"w":512,"h":512},
	"scale": "1",
	"smartupdate": "$TexturePacker:SmartUpdate:916ebf93558b06c639197c77d59b8bd1:47e52a3a5ea7d18877b92a0b5013fb0e:664eb9b3a42185355129a17c82b53558$"
}
}
