{"frames": [

{
	"filename": "regularExplosion00.png",
	"frame": {"x":2,"y":2,"w":192,"h":192},
	"rotated": false,
	"trimmed": false,
	"spriteSourceSize": {"x":0,"y":0,"w":192,"h":192},
	"sourceSize": {"w":192,"h":192},
	"pivot": {"x":0.5,"y":0.5}
},
{
	"filename": "regularExplosion01.png",
	"frame": {"x":196,"y":2,"w":152,"h":150},
	"rotated": false,
	"trimmed": false,
	"spriteSourceSize": {"x":0,"y":0,"w":152,"h":150},
	"sourceSize": {"w":152,"h":150},
	"pivot": {"x":0.5,"y":0.5}
},
{
	"filename": "regularExplosion02.png",
	"frame": {"x":350,"y":2,"w":82,"h":91},
	"rotated": false,
	"trimmed": false,
	"spriteSourceSize": {"x":0,"y":0,"w":82,"h":91},
	"sourceSize": {"w":82,"h":91},
	"pivot": {"x":0.5,"y":0.5}
},
{
	"filename": "regularExplosion03.png",
	"frame": {"x":2,"y":196,"w":92,"h":102},
	"rotated": false,
	"trimmed": false,
	"spriteSourceSize": {"x":0,"y":0,"w":92,"h":102},
	"sourceSize": {"w":92,"h":102},
	"pivot": {"x":0.5,"y":0.5}
},
{
	"filename": "regularExplosion04.png",
	"frame": {"x":96,"y":196,"w":120,"h":124},
	"rotated": false,
	"trimmed": false,
	"spriteSourceSize": {"x":0,"y":0,"w":120,"h":124},
	"sourceSize": {"w":120,"h":124},
	"pivot": {"x":0.5,"y":0.5}
},
{
	"filename": "regularExplosion05.png",
	"frame": {"x":218,"y":196,"w":133,"h":134},
	"rotated": false,
	"trimmed": false,
	"spriteSourceSize": {"x":0,"y":0,"w":133,"h":134},
	"sourceSize": {"w":133,"h":134},
	"pivot": {"x":0.5,"y":0.5}
},
{
	"filename": "regularExplosion06.png",
	"frame": {"x":2,"y":332,"w":138,"h":140},
	"rotated": false,
	"trimmed": false,
	"spriteSourceSize": {"x":0,"y":0,"w":138,"h":140},
	"sourceSize": {"w":138,"h":140},
	"pivot": {"x":0.5,"y":0.5}
},
{
	"filename": "regularExplosion07.png",
	"frame": {"x":142,"y":332,"w":143,"h":144},
	"rotated": false,
	"trimmed": false,
	"spriteSourceSize": {"x":0,"y":0,"w":143,"h":144},
	"sourceSize": {"w":143,"h":144},
	"pivot": {"x":0.5,"y":0.5}
},
{
	"filename": "regularExplosion08.png",
	"frame": {"x":287,"y":332,"w":149,"h":151},
	"rotated": false,
	"trimmed": false,
	"spriteSourceSize": {"x":0,"y":0,"w":149,"h":151},
	"sourceSize": {"w":149,"h":151},
	"pivot": {"x":0.5,"y":0.5}
}],
"meta": {
	"app": "http://www.codeandweb.com/texturepacker",
	"version": "1.0",
	"image": "regular-explosion.png",
	"format": "RGBA8888",
	"size": {"w":438,"h":485},
	"scale": "1",
	"smartupdate": "$TexturePacker:SmartUpdate:98ae692ca0a173e85675618865346a23:050419c81994b49a0c48dc01e2d1b84c:0d3d2cb5875b2c23d78b2722385f0925$"
}
}
